run_id,cycle,session,hypothesis_id,paradigm,parent_run,pushed_at,lb_landed_at,local_score,local_kernel_independence,local_domain_ownership,local_pi_tool_generalization,local_application_thinness,local_distribution_integrity,local_product_compatibility,online_score,gap,push_decision,decision_reason,verdict,train_cost_h,manifest_path
20260828T024636Z-b-h001,1,2026-08-28-workstream-b-package-extraction,B-H001,package-extraction-baseline,,,2026-08-28T10:46:36+08:00,25.0,25.0,0.0,0.0,0.0,0.0,0.0,,,CONTINUE,matrix incomplete; advance next implementation hypothesis,confirmed: owned deterministic Workstream B gate passed,0.0,runs/climb/20260828T024636Z-b-h001/manifest.json
20260828T041418Z-b-h002,2,2026-08-28-workstream-b-package-extraction,B-H002,python-kernel-extraction,20260828T024636Z-b-h001,,2026-08-28T12:14:18+08:00,25.0,25.0,0.0,0.0,0.0,0.0,0.0,,,CONTINUE,matrix incomplete; advance next implementation hypothesis,confirmed: owned deterministic Workstream B gate passed,0.0,runs/climb/20260828T041418Z-b-h002/manifest.json
20260828T053324Z-b-h003,3,2026-08-28-workstream-b-package-extraction,B-H003,generic-pi-tools,20260828T041418Z-b-h002,,2026-08-28T13:33:25+08:00,15.0,0.0,0.0,15.0,0.0,0.0,0.0,,,CONTINUE,matrix incomplete; advance next implementation hypothesis,confirmed: owned deterministic Workstream B gate passed,0.0,runs/climb/20260828T053324Z-b-h003/manifest.json
20260828T054809Z-b-h004,4,2026-08-28-workstream-b-package-extraction,B-H004,pandapower-domain-pack,20260828T053324Z-b-h003,,2026-08-28T13:48:09+08:00,20.0,0.0,20.0,0.0,0.0,0.0,0.0,,,CONTINUE,matrix incomplete; advance next implementation hypothesis,confirmed: owned deterministic Workstream B gate passed,0.0,runs/climb/20260828T054809Z-b-h004/manifest.json
20260828T071005Z-b-h005,5,2026-08-28-workstream-b-package-extraction,B-H005,application-composition,20260828T054809Z-b-h004,2026-08-28T15:11:10+08:00,2026-08-28T15:11:10+08:00,100.0,25.0,20.0,15.0,10.0,10.0,20.0,100.0,0.0,PUSH,100% release gate met,confirmed: owned deterministic Workstream B gate passed,0.0,runs/climb/20260828T071005Z-b-h005/manifest.json
20260828T074352Z-b-h005,6,2026-08-28-workstream-b-package-extraction,B-H005,application-composition,20260828T071005Z-b-h005,2026-08-28T15:45:02+08:00,2026-08-28T15:45:02+08:00,100.0,25.0,20.0,15.0,10.0,10.0,20.0,100.0,0.0,PUSH,100% release gate met,confirmed: owned deterministic Workstream B gate passed,0.0,runs/climb/20260828T074352Z-b-h005/manifest.json
20260828T092537Z-b-h005,7,2026-08-28-workstream-b-package-extraction,B-H005,application-composition,20260828T074352Z-b-h005,2026-08-28T17:26:45+08:00,2026-08-28T17:26:45+08:00,100.0,25.0,20.0,15.0,10.0,10.0,20.0,100.0,0.0,PUSH,100% release gate met,confirmed: owned deterministic Workstream B gate passed,0.0,runs/climb/20260828T092537Z-b-h005/manifest.json
20260828T104349Z-b-h005,8,2026-08-28-workstream-b-package-extraction,B-H005,application-composition,20260828T092537Z-b-h005,2026-08-28T18:48:14+08:00,2026-08-28T18:48:14+08:00,100.0,25.0,20.0,15.0,10.0,10.0,20.0,100.0,0.0,PUSH,100% release gate met,confirmed: owned deterministic Workstream B gate passed,0.0,runs/climb/20260828T104349Z-b-h005/manifest.json
20260828T111922Z-b-h005,9,2026-08-28-workstream-b-package-extraction,B-H005,application-composition,20260828T104349Z-b-h005,2026-08-28T19:23:55+08:00,2026-08-28T19:23:55+08:00,100.0,25.0,20.0,15.0,10.0,10.0,20.0,100.0,0.0,PUSH,100% release gate met,confirmed: owned deterministic Workstream B gate passed,0.0,runs/climb/20260828T111922Z-b-h005/manifest.json
